,Productname,Price
0,,
1,T-shirt Noir Femme Dri-Fit Boxy Nike,479 Dhs
2,T-shirt pour Femme Cinnabar Legend Nike,235 Dhs
3,T-shirt Blanc Femme Sportswear Essential Nike,279 Dhs
4,T-shirt Noir Femme Sportswear Essential Nike,279 Dhs
5,Debardeur De Course Noir pour Femme Race,419 Dhs
6,T-shirt de Running Femme Vert Miler Nike,325 Dhs
7,T-shirt De Course Noir pour Femme Race,469 Dhs
8,T-shirt Noir Femme Manches Longues Basic Icon Futura Nike,334 Dhs
9,T-shirt Blanc Femme Manches Longues Basic Icon Futura Nike,331 Dhs
10,Debardeur Rouge pour Femme Dri-FIT Swoosh Run Nike,289 Dhs
11,Pantalon Rose Femme Club Fleece Nike,639 Dhs
12,Debardeur Beige Femme Sportswear Essential Nike,291 Dhs
13,T-shirt Rouge pour Femme Long Sleeve Pacer Crew Nike,370 Dhs
14,Pull Grenat Pour Femme One Dri Fit Crew,789 Dhs
15,Legging Grenat Taille Haute Pour Femme 7/8 Mesh-Panelled Nike One,739 Dhs
16,Pull Rose Pour Femme One Dri Fit Crew,789 Dhs
17,Legging Rose Taille Haute Pour Femme 7/8 Mesh-Panelled Nike One,739 Dhs
18,Legging Bleu Taille Mi-Haute Pour Femme 7/8 Graphic Nike Pro,679 Dhs
19,Debardeur Court Bleu pour Femme Pro Dri-FIT,399 Dhs
20,Bottines Noires Unisexes City Classic,1 349 Dhs
21,Chaussure Noir Free Metcon 5,1 489 Dhs
22,Legging Noir Taille Mi-Haute Pour Femme 7/8 Graphic Nike Pro,679 Dhs
23,Debardeur Court Noir pour Femme Pro Dri-FIT,399 Dhs
24,Chaussure Grise Unisexe Metcon 9,1 579 Dhs
25,Legging Khaki Taille Mi-Haute Pour Femme 7/8 Graphic Nike Pro,679 Dhs
26,Debardeur Court Miellat pour Femme Pro Dri-FIT,399 Dhs
27,Bottines Unisexes City Classic,1 349 Dhs
28,Chaussure Court Vision Alta,999 Dhs
29,Chaussure Blanche Court Vision Mid,1 089 Dhs
30,T-shirt Blanc Logo Noir Nike Sportswear Femme,259 Dhs
31,Chaussure Blanche Metcon Flyknit 3,595 Dhs
32,Chaussure Blanche Air Force 1 07 Low Pour Femme,1 499 Dhs
33,Chaussure Blanche Air Force 1 Low 07 Premium History of Logos,1 565 Dhs
34,Chaussure de Running Blanche Nike Air Zoom Alphafly Next% AtomKnit Pour Femme,1 999 Dhs
35,Chaussure de Running Air Max AP Beige,1 515 Dhs
36,Chaussure de Running Pour Femme ZoomX Vaporfly Next %2 - Coconut Milk Ghost Green,1 999 Dhs
37,Chaussure de Running Nike Air Zoom Alphafly Next% AtomKnit,1 999 Dhs
38,Chaussure de Running Violet ZoomX Vaporfly Next %2,1 999 Dhs
39,Haut de running Bleu pour Femme 1/4 zip Nike Pacer,455 Dhs
40,Pantalon Dri-FIT Get Fit pour Femme,685 Dhs
41,Hijab de Sport Bleu Performance Dri-Fit,195 Dhs
42,Sweat A Capuche Noir pour Femme Dri-Fit Get Fit,725 Dhs
43,Brassiere Noire Swoosh Nike,375 Dhs
44,Sweat A Capuche Noir pour Femme Sportswear Fleece Graphic Futura,665 Dhs
45,Pantalon Noir Femme Dri-FIT Get Fit Nike,665 Dhs
46,Pantalon Noir Pour Femme Dri-FIT Nike,545 Dhs
47,Chaussure Noire Court Vision Alta,999 Dhs
48,T-shirt Noir Logo Blanc Nike Sportswear Femme,221 Dhs
49,Pantalon Gris pour Femme Dri-FIT Get Fit Nike,665 Dhs
50,Pull A Manches Longues Gris pour Femme,749 Dhs
51,T-shirt Gris Femme Sportswear Nike,248 Dhs
52,Legging Gris pour Femme Sportswear Essential Nike,375 Dhs
53,Chaussure de Running pour Femme ZoomX Vaporfly Next %2 - Barely Volt,1 999 Dhs
54,Chaussure Nike Dunk Low SE,2 499 Dhs
55,T-shirt Orange Femme Dri-FIT One Slim Fit Nike,275 Dhs
56,Sweat A Capuche pour Femme Sportswear Gym Vintage,725 Dhs
57,Chaussure Blanche et Jaune pour Femme ZoomX Vaporfly Next %2,1 999 Dhs
58,Pantalon Gris Homme Dri-FIT Nike,495 Dhs
59,Chaussure De Running Air Winflo 9,1 219 Dhs
60,Legging Noir pour Homme Dri-FIT Challenger,630 Dhs
61,Sweat A Capuche Homme Sportswear Club,690 Dhs
62,Ensemble Survêtement Noir pour Homme Sportswear Club,1 019 Dhs
63,Short Bleu pour Homme Dri-FIT Knit 6.0 Nike,385 Dhs
64,Sweat A Capuche Green Army Homme Fleece,591 Dhs
65,T-Shirt Blanc Nike Air Pour Homme,459 Dhs
66,T-shirt De Training Blanc pour Homme Dri-FIT HWPO,399 Dhs
67,T-Shirt Blanc pour Homme Sportswear Swoosh,419 Dhs
68,T-shirt Blanc pour Homme Sportswear Club+ PK4,369 Dhs
69,T-Shirt Nike Air Bleu Pour Homme,459 Dhs
70,T-shirt Bleu pour Homme Sportswear Swoosh,419 Dhs
71,T-Shirt Noir Nike Air Pour Homme,459 Dhs
72,T-shirt Noir pour Homme Sportswear Club+ PK4,369 Dhs
73,T-shirt Noir Fran JDI Verbiage pour Homme,309 Dhs
74,Pantalon Gris pour Homme Sportswear Tech Fleece,1 219 Dhs
75,Sweat A Capuche Gris pour Homme Sportswear Tech Fleece Windrunner,1 459 Dhs
76,T-shirt Gris Fran JDI Verbiage pour Homme,309 Dhs
77,T-shirt Gris pour Homme Sportswear Club+ PK4,369 Dhs
78,Survetement Marron pour Homme Club Fleece Gx Tracksuit,1 249 Dhs
79,Debardeur Blanc pour Homme Boston Celtics Classic Edition,999 Dhs
80,Chaussure Blanche - Rouge Air Jordan 1 Mid SE,2 499 Dhs
81,Chaussure de Running Blanche Nike Air Zoom Alphafly Next% AtomKnit pour Homme,1 999 Dhs
82,Chaussure de Running pour Homme ZoomX Vaporfly Next %2 - Coconut Milk Ghost Green,1 999 Dhs
83,T-Shirt Noir pour Homme Paris Saint-Germain Wordmark Jordan Nike,349 Dhs
84,Pantalon Noir Homme NikeCourt Heritage,839 Dhs
85,T-shirt Noir Swoosh 12MO pour Homme,399 Dhs
86,Pantalon Noir Dri-FIT pour Homme,599 Dhs
87,Chaussure Noire - Rouge Air Jordan 1 Low,2 499 Dhs
88,Chaussure Dunk Low Mini Swoosh Noire Grise Orange,1 875 Dhs
89,Chaussure Air Jordan 4 Retro Infrared,4 999 Dhs
90,Survetement Gris pour Homme Sportswear Essential,1 279 Dhs
91,Chaussure de Running Grise Air Vapormax Flyknit 2021,1 699 Dhs
92,Chaussure de Running Grise ZoomX Vaporfly Next %2,1 999 Dhs
93,Chaussure Noire - Verte Air Jordan 1 Low,2 499 Dhs
94,Chaussure de Running Rouge Zoom Fly 5,1 750 Dhs
95,Chaussure Nike Dunk Low Retro - Betterave Foncé,2 499 Dhs
96,Chaussure Blanche - Orange Dunk Low AS,2 499 Dhs
97,Chaussure de Running Orange Air Max Flyknit Racer Next Nature,1 599 Dhs
98,Chaussure de Running Air Max Flyknit Racer,1 199 Dhs
99,Pantalon Noir Sportswear Club Big Kids Nike,325 Dhs
100,Rouleau de mousse de massage Rose Foam Roller 13Po,395 Dhs
101,Gants Léger DRI-FIT Rose Pour Femme,95 Dhs
102,Brassard lean Rose Running,145 Dhs
103,Sac À Dos Fuchsia Hayward 2.0,409 Dhs
104,Bande de Resistance Noir/Bleu Lourde,245 Dhs
105,Support Cuisse Noir,149 Dhs
106,Hijab de Sport Noir Performance Dri-Fit,195 Dhs
107,Support de coudière Noir,149 Dhs
108,Rouleau de mousse de massage Noir Foam Roller 13Po,395 Dhs
109,Bande de Resistance Noir/Vert Légére,195 Dhs
110,Bande de Resistance Noir/Rouge Moyenne,195 Dhs
111,Lifting Grip Noir/Orange Alpha,185 Dhs
112,Rouleau de mousse de massage Foam Roller 20Po,495 Dhs
113,Coudiere de Combat Nike Pro Noire,195 Dhs
114,Protege Cuisse de Combat Nike Pro,195 Dhs
115,Genouillere de Combat Pro Noire,195 Dhs
